SOC_Code,Occupation_Title,Top_Essential_Skills,Hot_Software_Tools,In_Demand_Software,Total_Software_Count
15-1252.00,Software Developers,"Critical Thinking, Reading Comprehension, Active Listening, Active Learning, Writing","Adobe Acrobat, Adobe After Effects, Adobe Creative Cloud software, Adobe Illustrator, Adobe InDesign, Adobe Photoshop, AJAX, Alteryx software, Amazon DynamoDB, Amazon Elastic Compute Cloud EC2","Amazon Web Services AWS software, Apache Kafka, Atlassian JIRA, C, C#",430
15-1251.00,Computer Programmers,"Active Listening, Critical Thinking, Reading Comprehension, Writing, Speaking","Adobe Acrobat, Adobe Illustrator, Adobe Photoshop, AJAX, Amazon DynamoDB, Amazon Elastic Compute Cloud EC2, Amazon Redshift, Amazon Web Services AWS CloudFormation, Amazon Web Services AWS software, Ansible software","C#, C++, Cascading style sheets CSS, Extensible markup language XML, Git",293
15-1299.08,Computer Systems Engineers/Architects,"Reading Comprehension, Active Listening, Critical Thinking, Writing, Speaking","Adobe Acrobat, Adobe Creative Cloud software, Adobe Photoshop, AJAX, Amazon DynamoDB, Amazon Elastic Compute Cloud EC2, Amazon Redshift, Amazon Web Services AWS CloudFormation, Amazon Web Services AWS software, Ansible software","Amazon Web Services AWS CloudFormation, Amazon Web Services AWS software, Ansible software, Atlassian JIRA, Bash",267
15-2051.00,Data Scientists,"Mathematics, Critical Thinking, Reading Comprehension, Active Learning, Writing","Alteryx software, Amazon Elastic Compute Cloud EC2, Amazon Redshift, Amazon Web Services AWS software, Apache Airflow, Apache Cassandra, Apache Hadoop, Apache Hive, Apache Kafka, Apache Spark","Amazon Web Services AWS software, Apache Hadoop, Apache Spark, C++, Git",87
15-2051.01,Business Intelligence Analysts,"Reading Comprehension, Critical Thinking, Active Learning, Active Listening, Speaking","Adobe Acrobat, AJAX, Alteryx software, Amazon DynamoDB, Amazon Elastic Compute Cloud EC2, Amazon Redshift, Amazon Web Services AWS software, Apache Cassandra, Apache Hadoop, Apache Hive","Amazon Web Services AWS software, Microsoft Azure software, Microsoft Excel, Microsoft Office software, Microsoft Power BI",203
15-1212.00,Information Security Analysts,"Reading Comprehension, Critical Thinking, Active Listening, Speaking, Monitoring","AJAX, Amazon DynamoDB, Amazon Elastic Compute Cloud EC2, Amazon Redshift, Amazon Web Services AWS CloudFormation, Amazon Web Services AWS software, Ansible software, Apache Cassandra, Apache Hadoop, Apache Hive","Amazon Web Services AWS software, eMASS, Firewall software, Linux, Microsoft Azure software",245
15-1253.00,Software Quality Assurance Analysts and Testers,"Reading Comprehension, Active Listening, Speaking, Critical Thinking, Writing","Adobe Acrobat, Adobe After Effects, Adobe Creative Cloud software, Adobe Illustrator, Adobe InDesign, Adobe Photoshop, AJAX, Amazon DynamoDB, Amazon Elastic Compute Cloud EC2, Amazon Redshift","Amazon Web Services AWS software, Apache JMeter, Appium, Atlassian JIRA, C#",429
15-1232.00,Computer User Support Specialists,"Reading Comprehension, Active Listening, Speaking, Critical Thinking, Writing","Adobe Acrobat, Adobe Creative Cloud software, Adobe Illustrator, Adobe InDesign, Adobe Photoshop, AJAX, Amazon Redshift, Amazon Web Services AWS software, Ansible software, Apache Cassandra","Apple iOS, Apple macOS, Firewall software, Linux, Microsoft Active Directory",258
11-3121.00,Human Resources Managers,"Reading Comprehension, Active Listening, Speaking, Critical Thinking, Active Learning","Facebook, IBM SPSS Statistics, Intuit QuickBooks, Kronos Workforce Timekeeper, Microsoft Access, Microsoft Excel, Microsoft Office software, Microsoft Outlook, Microsoft PowerPoint, Microsoft Project","Applicant tracking software, Microsoft Excel, Microsoft Office software, Microsoft Outlook, Microsoft PowerPoint",102
13-1071.00,Human Resources Specialists,"Speaking, Reading Comprehension, Active Listening, Writing, Critical Thinking","Adobe Acrobat, Adobe Creative Cloud software, Adobe Illustrator, Adobe InDesign, Adobe Photoshop, Apple macOS, Cisco Webex, ESRI ArcGIS software, Extensible markup language XML, Facebook","Applicant tracking software, Microsoft Excel, Microsoft Office software, Microsoft Outlook, Microsoft PowerPoint",172
13-1075.00,Labor Relations Specialists,"Speaking, Active Listening, Writing, Reading Comprehension, Critical Thinking","Kubernetes, Microsoft Access, Microsoft Excel, Microsoft Office software, Microsoft Outlook, Microsoft PowerPoint, Microsoft SharePoint, Microsoft Word, Oracle PeopleSoft, ServiceNow","Microsoft Excel, Microsoft Office software, Microsoft Outlook, Microsoft PowerPoint, Oracle HRIS",21
13-2011.00,Accountants and Auditors,"Reading Comprehension, Writing, Active Listening, Speaking, Critical Thinking","Adobe Acrobat, Alteryx software, Epic Systems, Google Docs, Google Sheets, IBM SPSS Statistics, Intuit QuickBooks, Intuit TurboTax, MEDITECH software, Microsoft Access","Intuit QuickBooks, Microsoft Excel, Microsoft Office software, Microsoft Outlook, Microsoft PowerPoint",237
13-2051.00,Financial and Investment Analysts,,"Alteryx software, Apache Hive, Google Docs, IBM SPSS Statistics, Intuit QuickBooks, Marketo Marketing Automation, Microsoft Access, Microsoft Excel, Microsoft Office software, Microsoft Outlook","Microsoft Excel, Microsoft Office software, Microsoft Outlook, Microsoft Power BI, Microsoft PowerPoint",180
41-4011.00,"Sales Representatives, Wholesale and Manufacturing","Speaking, Active Listening, Reading Comprehension, Active Learning, Critical Thinking","Amazon Web Services AWS software, Apache Hadoop, Google Analytics, Google Workspace software, HubSpot software, IBM SPSS Statistics, Intuit QuickBooks, Linux, Microsoft Access, Microsoft Azure software","Microsoft Excel, Microsoft Office software, Microsoft Outlook, Salesforce software",63
11-2022.00,Sales Managers,"Monitoring, Active Listening, Speaking, Reading Comprehension, Critical Thinking","Adobe Acrobat, Adobe Creative Cloud software, Bentley MicroStation, Eclipse IDE, Facebook, Google Analytics, Google Docs, HubSpot software, Hypertext markup language HTML, IBM SPSS Statistics","Microsoft Excel, Microsoft Office software, Microsoft Outlook, Microsoft PowerPoint, Salesforce software",103
13-1161.00,Market Research Analysts and Marketing Specialists,"Reading Comprehension, Writing, Active Listening, Critical Thinking, Speaking","Adobe Acrobat, Adobe After Effects, Adobe Creative Cloud software, Adobe Illustrator, Adobe InDesign, Adobe Photoshop, Amazon Redshift, Apache Hadoop, Apache Hive, Apple macOS","Adobe Creative Cloud software, Canva, Google Analytics, Microsoft Excel, Microsoft Office software",149
13-1161.01,Search Marketing Strategists,"Reading Comprehension, Active Listening, Active Learning, Critical Thinking, Speaking","Adobe Photoshop, AJAX, Cascading style sheets CSS, Elasticsearch, Facebook, Google Analytics, Google Looker Analytics, HubSpot software, Hypertext markup language HTML, JavaScript","Adobe Analytics, Ahrefs Site Explorer, Bing Ads, Cascading style sheets CSS, Content management systems CMS",67
